ID,First,Last,EID,StimulantUse,CaffeineMg,MealSize,MealDesc,Exercised,ExerciseDesc,HairProduct,OtherHair,LastTime,SessionNum
1.0,Jane,Doe,jdo1234,0.0,> 150 mg,Medium meal,big portion,,walked down speedway,,,2024-10-27 16:31:25.955700,407.0
2.0,jimmy,neutron,jn1234,0.0,,Heavy meal,big fat meal that made me fat and big,,swam up niagra falls,,,2024-10-26 19:48:04.955545,4.0
3.0,Samarth,Rao,spr957,0.0,0 mg,Heavy meal,Tacos,,,,,2024-10-27 22:23:40.146592,6.0
4.0,Maddox,Fletcher,emf2676,0.0,50 - 99 mg,No meal,Have not eaten in the last 12 hours,,Have not exercised in the past 12 hours,,,2024-10-27 17:53:12.182286,1.0
5.0,Ademola,Adetosoye,asa3834,0.0,1 - 49 mg,Medium meal,Flour tortilla with ground beef and mozzerella cheeze + green salsa- 4 medium sized slices,,N/A,,,2024-11-03 17:52:47.098981,1.0
